subscribe_b,-790
subscribe_ok_b,-288
object,A,10,0,44643,0,500.0
object,A,10,1,11161,14,540.0
object,A,10,2,11161,37,580.0
object,A,10,3,11161,56,620.0
object,A,10,4,11161,95,660.0
object,A,10,5,11161,134,700.0
object,A,10,6,11161,173,740.0
object,A,10,7,11161,214,780.0
object,A,10,8,11161,254,820.0
object,A,10,9,11161,293,860.0
object,A,10,10,11161,334,900.0
object,A,10,11,11161,374,940.0
object,A,10,12,11161,414,980.0
object,A,10,13,11161,454,1020.0
object,A,10,14,11161,494,1060.0
object,A,10,15,11161,534,1100.0
object,A,10,16,11161,574,1140.0
object,A,10,17,11161,614,1180.0
object,A,10,18,11161,654,1220.0
object,A,10,19,11161,694,1260.0
object,A,10,20,11161,733,1300.0
object,A,10,21,11161,775,1340.0
object,A,10,22,11161,813,1380.0
object,A,10,23,11161,854,1420.0
object,A,10,24,11161,893,1460.0
object,A,11,0,44643,973,1500.0
object,A,11,1,11161,990,1540.0
object,A,11,2,11161,1014,1580.0
object,A,11,3,11161,1054,1620.0
object,A,11,4,11161,1093,1660.0
object,A,11,5,11161,1134,1700.0
object,A,11,6,11161,1174,1740.0
object,A,11,7,11161,1214,1780.0
object,A,11,8,11161,1254,1820.0
object,A,11,9,11161,1294,1860.0
object,A,11,10,11161,1334,1900.0
object,A,11,11,11161,1373,1940.0
object,A,11,12,11161,1414,1980.0
object,A,11,13,11161,1453,2020.0
object,A,11,14,11161,1494,2060.0
object,A,11,15,11161,1534,2100.0
object,A,11,16,11161,1574,2140.0
object,A,11,17,11161,1614,2180.0
object,A,11,18,11161,1654,2220.0
object,A,11,19,11161,1693,2260.0
object,A,11,20,11161,1734,2300.0
object,A,11,21,11161,1774,2340.0
object,A,11,22,11161,1813,2380.0
object,A,11,23,11161,1854,2420.0
object,A,11,24,11161,1893,2460.0
object,A,12,0,44643,1955,2500.0
object,A,12,1,11161,1973,2540.0
object,A,12,2,11161,2013,2580.0
object,A,12,3,11161,2053,2620.0
object,A,12,4,11161,2094,2660.0
object,A,12,5,11161,2134,2700.0
object,A,12,6,11161,2173,2740.0
object,A,12,7,11161,2214,2780.0
object,A,12,8,11161,2253,2820.0
object,A,12,9,11161,2293,2860.0
object,A,12,10,11161,2334,2900.0
object,A,12,11,11161,2373,2940.0
object,A,12,12,11161,2414,2980.0
object,A,12,13,11161,2453,3020.0
object,A,12,14,11161,2494,3060.0
object,A,12,15,11161,2533,3100.0
object,A,12,16,11161,2573,3140.0
object,A,12,17,11161,2614,3180.0
object,A,12,18,11161,2654,3220.0
object,A,12,19,11161,2693,3260.0
object,A,12,20,11161,2733,3300.0
object,A,12,21,11161,2773,3340.0
object,A,12,22,11161,2814,3380.0
object,A,12,23,11161,2854,3420.0
object,A,12,24,11161,2894,3460.0
object,A,13,0,44643,2954,3500.0
object,A,13,1,11161,2973,3540.0
object,A,13,2,11161,3013,3580.0
object,A,13,3,11161,3054,3620.0
object,A,13,4,11161,3093,3660.0
object,A,13,5,11161,3133,3700.0
object,A,13,6,11161,3174,3740.0
object,A,13,7,11161,3213,3780.0
object,A,13,8,11161,3254,3820.0
object,A,13,9,11161,3293,3860.0
object,A,13,10,11161,3334,3900.0
object,A,13,11,11161,3374,3940.0
object,A,13,12,11161,3414,3980.0
object,A,13,13,11161,3454,4020.0
object,A,13,14,11161,3493,4060.0
object,A,13,15,11161,3534,4100.0
object,A,13,16,11161,3574,4140.0
object,A,13,17,11161,3614,4180.0
object,A,13,18,11161,3654,4220.0
object,A,13,19,11161,3694,4260.0
object,A,13,20,11161,3734,4300.0
object,A,13,21,11161,3774,4340.0
object,A,13,22,11161,3814,4380.0
object,A,13,23,11161,3854,4420.0
object,A,13,24,11161,3894,4460.0
object,A,14,0,44643,3948,4500.0
object,A,14,1,11161,3973,4540.0
object,A,14,2,11161,4013,4580.0
object,A,14,3,11161,4054,4620.0
object,A,14,4,11161,4094,4660.0
switch_decision,4115
enable_b,4115
object,A,14,5,11161,4134,4700.0
object,A,14,6,11161,4173,4740.0
object,A,14,7,11161,4213,4780.0
object,A,14,8,11161,4254,4820.0
object,A,14,9,11161,4294,4860.0
object,A,14,10,11161,4334,4900.0
object,A,14,11,11161,4373,4940.0
object,A,14,12,11161,4414,4980.0
object,A,14,13,11161,4454,5020.0
object,A,14,14,11161,4493,5060.0
object,A,14,15,11161,4533,5100.0
object,A,14,16,11161,4573,5140.0
object,A,14,17,11161,4614,5180.0
object,A,14,18,11161,4654,5220.0
object,B,14,18,17857,4658
object,A,14,19,11161,4694,5260.0
object,B,14,19,17857,4698
object,A,14,20,11161,4734,5300.0
object,B,14,20,17857,4739
object,A,14,21,11161,4778,5340.0
object,B,14,21,17857,4782
object,A,14,22,11161,4814,5380.0
object,B,14,22,17857,4819
object,A,14,23,11161,4855,5420.0
object,B,14,23,17857,4859
object,B,14,24,17857,4893
object,A,14,24,11161,4898,5460.0
object,A,15,0,44643,4953,5500.0
object,B,15,0,71429,4969,5469.0
fresh_b_iframe,15,4969
stop_a,4969
object,A,15,1,11161,4973,5540.0
object,B,15,1,17857,4977,5509.0
object,A,15,2,11161,5019,5580.0
object,B,15,2,17857,5019,5549.0
object,A,15,3,11161,5054,5620.0
object,B,15,3,17857,5058,5589.0
object,A,15,4,11161,5098,5660.0
object,B,15,4,17857,5102,5629.0
object,A,15,5,11161,5134,5700.0
object,B,15,5,17857,5139,5669.0
object,A,15,6,11161,5174,5740.0
object,B,15,6,17857,5178,5709.0
object,A,15,7,11161,5214,5780.0
object,B,15,7,17857,5218,5749.0
object,A,15,8,11161,5253,5820.0
object,B,15,8,17857,5258,5789.0
object,A,15,9,11161,5294,5860.0
object,B,15,9,17857,5298,5829.0
object,A,15,10,11161,5334,5900.0
object,B,15,10,17857,5342,5869.0
object,A,15,11,11161,5374,5940.0
object,B,15,11,17857,5378,5909.0
object,A,15,12,11161,5414,5980.0
object,B,15,12,17857,5417,5949.0
object,A,15,13,11161,5454,6020.0
object,B,15,13,17857,5456,5989.0
object,B,15,14,17857,5493,6029.0
object,B,15,15,17857,5538,6069.0
object,B,15,16,17857,5573,6109.0
object,B,15,17,17857,5616,6149.0
object,B,15,18,17857,5654,6189.0
object,B,15,19,17857,5693,6229.0
object,B,15,20,17857,5738,6269.0
object,B,15,21,17857,5773,6309.0
object,B,15,22,17857,5817,6349.0
object,B,15,23,17857,5854,6389.0
object,B,15,24,17857,5894,6429.0
object,B,16,0,71429,5954,6469.0
object,B,16,1,17857,5973,6509.0
object,B,16,2,17857,6014,6549.0
object,B,16,3,17857,6057,6589.0
object,B,16,4,17857,6093,6629.0
object,B,16,5,17857,6138,6669.0
object,B,16,6,17857,6174,6709.0
object,B,16,7,17857,6213,6749.0
object,B,16,8,17857,6257,6789.0
object,B,16,9,17857,6294,6829.0
object,B,16,10,17857,6336,6869.0
object,B,16,11,17857,6373,6909.0
object,B,16,12,17857,6414,6949.0
object,B,16,13,17857,6457,6989.0
object,B,16,14,17857,6494,7029.0
object,B,16,15,17857,6536,7069.0
object,B,16,16,17857,6573,7109.0
object,B,16,17,17857,6614,7149.0
object,B,16,18,17857,6656,7189.0
object,B,16,19,17857,6693,7229.0
object,B,16,20,17857,6736,7269.0
object,B,16,21,17857,6774,7309.0
object,B,16,22,17857,6814,7349.0
object,B,16,23,17857,6857,7389.0
object,B,16,24,17857,6894,7429.0
object,B,17,0,71429,6949,7469.0
object,B,17,1,17857,6977,7509.0
object,B,17,2,17857,7014,7549.0
object,B,17,3,17857,7057,7589.0
object,B,17,4,17857,7094,7629.0
object,B,17,5,17857,7134,7669.0
object,B,17,6,17857,7175,7709.0
object,B,17,7,17857,7214,7749.0
object,B,17,8,17857,7257,7789.0
object,B,17,9,17857,7294,7829.0
object,B,17,10,17857,7335,7869.0
object,B,17,11,17857,7376,7909.0
object,B,17,12,17857,7413,7949.0
object,B,17,13,17857,7456,7989.0
object,B,17,14,17857,7493,8029.0
object,B,17,15,17857,7533,8069.0
object,B,17,16,17857,7575,8109.0
object,B,17,17,17857,7614,8149.0
object,B,17,18,17857,7655,8189.0
object,B,17,19,17857,7694,8229.0
object,B,17,20,17857,7734,8269.0
object,B,17,21,17857,7775,8309.0
object,B,17,22,17857,7814,8349.0
object,B,17,23,17857,7855,8389.0
object,B,17,24,17857,7894,8429.0
object,B,18,0,71429,7949,8469.0
object,B,18,1,17857,7976,8509.0
object,B,18,2,17857,8014,8549.0
object,B,18,3,17857,8054,8589.0
object,B,18,4,17857,8095,8629.0
object,B,18,5,17857,8134,8669.0
object,B,18,6,17857,8175,8709.0
object,B,18,7,17857,8215,8749.0
object,B,18,8,17857,8254,8789.0
object,B,18,9,17857,8295,8829.0
object,B,18,10,17857,8335,8869.0
object,B,18,11,17857,8375,8909.0
object,B,18,12,17857,8412,8949.0
object,B,18,13,17857,8454,8989.0
object,B,18,14,17857,8497,9029.0
object,B,18,15,17857,8535,9069.0
object,B,18,16,17857,8577,9109.0
object,B,18,17,17857,8614,9149.0
object,B,18,18,17857,8654,9189.0
object,B,18,19,17857,8697,9229.0
object,B,18,20,17857,8734,9269.0
object,B,18,21,17857,8777,9309.0
object,B,18,22,17857,8814,9349.0
object,B,18,23,17857,8854,9389.0
object,B,18,24,17857,8894,9429.0
object,B,19,0,71429,8947,9469.0
object,B,19,1,17857,8974,9509.0
object,B,19,2,17857,9014,9549.0
object,B,19,3,17857,9054,9589.0
object,B,19,4,17857,9096,9629.0
object,B,19,5,17857,9134,9669.0
object,B,19,6,17857,9174,9709.0
object,B,19,7,17857,9215,9749.0
object,B,19,8,17857,9256,9789.0
object,B,19,9,17857,9293,9829.0
object,B,19,10,17857,9334,9869.0
object,B,19,11,17857,9374,9909.0
object,B,19,12,17857,9415,9949.0
object,B,19,13,17857,9454,9989.0
object,B,19,14,17857,9494,10029.0
object,B,19,15,17857,9534,10069.0
object,B,19,16,17857,9575,10109.0
object,B,19,17,17857,9614,10149.0
object,B,19,18,17857,9654,10189.0
object,B,19,19,17857,9694,10229.0
object,B,19,20,17857,9734,10269.0
object,B,19,21,17857,9774,10309.0
object,B,19,22,17857,9816,10349.0
object,B,19,23,17857,9854,10389.0
object,B,19,24,17857,9894,10429.0
object,B,20,0,71429,9949,10469.0
