subscribe_b,-902
subscribe_ok_b,-901
object,A,8,0,71429,0,500.0
object,A,8,1,17857,38,540.0
object,A,8,2,17857,83,580.0
object,A,8,3,17857,129,620.0
object,A,8,4,17857,174,660.0
object,A,8,5,17857,223,700.0
object,A,8,6,17857,273,740.0
object,A,8,7,17857,331,780.0
object,A,8,8,17857,374,820.0
object,A,8,9,17857,425,860.0
object,A,8,10,17857,474,900.0
object,A,8,11,17857,529,940.0
object,A,8,12,17857,575,980.0
object,A,8,13,17857,625,1020.0
object,A,8,14,17857,676,1060.0
object,A,8,15,17857,726,1100.0
object,A,8,16,17857,784,1140.0
object,A,8,17,17857,826,1180.0
object,A,8,18,17857,877,1220.0
object,A,8,19,17857,926,1260.0
object,A,8,20,17857,977,1300.0
object,A,8,21,17857,1035,1340.0
object,A,8,22,17857,1077,1380.0
object,A,8,23,17857,1127,1420.0
object,A,8,24,17857,1178,1460.0
object,A,9,0,71429,1527,1500.0
object,A,9,1,17857,1564,1540.0
object,A,9,2,17857,1622,1580.0
object,A,9,3,17857,1658,1620.0
object,A,9,4,17857,1709,1660.0
object,A,9,5,17857,1745,1700.0
object,A,9,6,17857,1781,1740.0
object,A,9,7,17857,1857,1780.0
object,A,9,8,17857,1897,1820.0
object,A,9,9,17857,1925,1860.0
object,A,9,10,17857,2005,1900.0
object,A,9,11,17857,2044,1940.0
object,A,9,12,17857,2073,1980.0
object,A,9,13,17857,2156,2020.0
object,A,9,14,17857,2196,2060.0
object,A,9,15,17857,2236,2100.0
object,A,9,16,17857,2276,2140.0
object,A,9,17,17857,2351,2180.0
object,A,9,18,17857,2391,2220.0
object,A,9,19,17857,2451,2260.0
object,A,9,20,17857,2491,2300.0
object,A,9,21,17857,2558,2340.0
object,A,9,22,17857,2600,2380.0
object,A,9,23,17857,2650,2420.0
object,A,9,24,17857,2732,2460.0
object,A,10,0,71429,2888,2500.0
object,A,10,1,17857,2928,2540.0
object,A,10,2,17857,3007,2580.0
object,A,10,3,17857,3048,2620.0
object,A,10,4,17857,3083,2660.0
object,A,10,5,17857,3159,2700.0
object,A,10,6,17857,3199,2740.0
object,A,10,7,17857,3255,2780.0
object,A,10,8,17857,3310,2820.0
object,A,10,9,17857,3338,2860.0
object,A,10,10,17857,3394,2900.0
object,A,10,11,17857,3450,2940.0
object,A,10,12,17857,3498,2980.0
switch_decision,3499
enable_b,3499
object,A,10,13,17857,3554,3020.0
object,A,10,14,17857,3605,3060.0
object,A,10,15,17857,3629,3100.0
object,A,10,16,17857,3709,3140.0
object,A,10,17,17857,3729,3180.0
object,A,10,18,17857,3812,3220.0
object,A,10,19,17857,3860,3260.0
object,A,10,20,17857,3900,3300.0
object,A,10,21,17857,3948,3340.0
object,A,10,22,17857,3980,3380.0
object,A,10,23,17857,4067,3420.0
object,A,10,24,17857,4111,3460.0
object,B,11,18,11161,4175
object,B,11,19,11161,4239
object,B,11,20,11161,4306
object,B,11,21,11161,4358
object,B,11,22,11161,4414
object,B,11,23,11161,4490
object,A,11,0,71429,4490,3500.0
object,B,11,24,11161,4565
object,A,11,1,17857,4566,3540.0
object,A,11,2,17857,4609,3580.0
object,A,11,3,17857,4681,3620.0
object,A,11,4,17857,4740,3660.0
object,A,11,5,17857,4761,3700.0
object,A,11,6,17857,4804,3740.0
object,A,11,7,17857,4880,3780.0
object,A,11,8,17857,4940,3820.0
object,A,11,9,17857,4960,3860.0
object,A,11,10,17857,5035,3900.0
object,A,11,11,17857,5079,3940.0
object,A,11,12,17857,5139,3980.0
object,A,11,13,17857,5155,4020.0
object,A,11,14,17857,5235,4060.0
object,A,11,15,17857,5255,4100.0
object,A,11,16,17857,5342,4140.0
object,A,11,17,17857,5394,4180.0
object,A,11,18,17857,5434,4220.0
object,A,11,19,17857,5501,4260.0
object,A,11,20,17857,5537,4300.0
object,A,11,21,17857,5578,4340.0
object,A,11,22,17857,5649,4380.0
object,A,11,23,17857,5689,4420.0
object,A,11,24,17857,5748,4460.0
object,B,12,0,44643,5960
stop_a,5960
object,B,12,1,11161,6020
object,B,12,2,11161,6083
object,A,12,0,71429,6131,4500.0
object,B,12,3,11161,6171
object,A,12,1,17857,6242,4540.0
object,B,12,4,11161,6246
object,B,12,5,11161,6291
object,A,12,2,17857,6338,4580.0
object,B,12,6,11161,6370
object,A,12,3,17857,6434,4620.0
object,B,12,7,11161,6434
object,B,12,8,11161,6470
object,A,12,4,17857,6538,4660.0
object,B,12,9,11161,6538
object,B,12,10,11161,6605
object,A,12,5,17857,6649,4700.0
object,B,12,11,11161,6677
object,B,12,12,11161,6733
object,A,12,6,17857,6733,4740.0
object,B,12,13,11161,6891
object,A,12,7,17857,7019,4780.0
object,B,12,14,11161,7059
object,B,12,15,11161,7127
object,A,12,8,17857,7131,4820.0
object,B,12,16,11161,7174
object,B,12,17,11161,7225
object,A,12,9,17857,7225,4860.0
object,B,12,18,11161,7297
object,A,12,10,17857,7319,4900.0
object,B,12,19,11161,7355
object,B,12,20,11161,7406
object,A,12,11,17857,7406,4940.0
object,B,12,21,11161,7464
object,A,12,12,17857,7504,4980.0
object,B,12,22,11161,7520
object,B,12,23,11161,7584
object,A,12,13,17857,7599,5020.0
object,B,12,24,11161,7639
object,A,12,14,17857,7679,5060.0
object,A,12,15,17857,7719,5100.0
object,A,12,16,17857,7782,5140.0
object,A,12,17,17857,7822,5180.0
object,A,12,18,17857,7878,5220.0
object,A,12,19,17857,7918,5260.0
object,A,12,20,17857,7982,5300.0
object,A,12,21,17857,8038,5340.0
object,A,12,22,17857,8078,5380.0
object,A,12,23,17857,8141,5420.0
object,A,12,24,17857,8181,5460.0
object,B,13,0,44643,8436
object,B,13,1,11161,8476
object,B,13,2,11161,8556
object,A,13,0,71429,8579,5500.0
object,B,13,3,11161,8619
object,A,13,1,17857,8675,5540.0
object,B,13,4,11161,8675
object,B,13,5,11161,8739
object,A,13,2,17857,8778,5580.0
object,B,13,6,11161,8795
object,A,13,3,17857,8874,5620.0
object,B,13,7,11161,8874
object,B,13,8,11161,8914
object,A,13,4,17857,8978,5660.0
object,B,13,9,11161,8994
object,B,13,10,11161,9057
object,A,13,5,17857,9073,5700.0
object,B,13,11,11161,9113
object,B,13,12,11161,9177
object,A,13,6,17857,9177,5740.0
object,B,13,13,11161,9233
object,A,13,7,17857,9273,5780.0
object,B,13,14,11161,9313
object,B,13,15,11161,9376
object,A,13,8,17857,9376,5820.0
object,B,13,16,11161,9432
object,A,13,9,17857,9472,5860.0
object,B,13,17,11161,9496
object,B,13,18,11161,9552
object,A,13,10,17857,9592,5900.0
object,B,13,19,11161,9615
object,B,13,20,11161,9671
object,A,13,11,17857,9671,5940.0
object,B,13,21,11161,9751
object,A,13,12,17857,9791,5980.0
object,B,13,22,11161,9815
object,B,13,23,11161,9870
object,A,13,13,17857,9870,6020.0
object,B,13,24,11161,9934
object,A,13,14,17857,9950,6060.0
object,A,13,15,17857,10014,6100.0
object,A,13,16,17857,10066,6140.0
object,A,13,17,17857,10105,6180.0
object,A,13,18,17857,10157,6220.0
object,A,13,19,17857,10209,6260.0
object,A,13,20,17857,10249,6300.0
object,A,13,21,17857,10313,6340.0
object,B,14,0,44643,10432,10932.0
fresh_b_iframe,14,10432
object,B,14,1,11161,10472,10972.0
object,B,14,2,11161,10488,11012.0
object,B,14,3,11161,10528,11052.0
object,B,14,4,11161,10567,11092.0
object,B,14,5,11161,10591,11132.0
object,B,14,6,11161,10607,11172.0
object,B,14,7,11161,10647,11212.0
object,B,14,8,11161,10687,11252.0
object,B,14,9,11161,10711,11292.0
object,B,14,10,11161,10751,11332.0
object,B,14,11,11161,10767,11372.0
object,B,14,12,11161,10806,11412.0
object,B,14,13,11161,10846,11452.0
object,B,14,14,11161,10882,11492.0
object,B,14,15,11161,10906,11532.0
object,B,14,16,11161,10942,11572.0
object,B,14,17,11161,10978,11612.0
object,B,14,18,11161,11002,11652.0
object,B,14,19,11161,11038,11692.0
object,B,14,20,11161,11062,11732.0
object,B,14,21,11161,11101,11772.0
object,B,14,22,11161,11125,11812.0
object,B,14,23,11161,11153,11852.0
object,B,14,24,11161,11193,11892.0
object,B,15,0,44643,11308,11932.0
object,B,15,1,11161,11348,11972.0
object,B,15,2,11161,11360,12012.0
object,B,15,3,11161,11412,12052.0
object,B,15,4,11161,11436,12092.0
object,B,15,5,11161,11464,12132.0
object,B,15,6,11161,11504,12172.0
object,B,15,7,11161,11516,12212.0
object,B,15,8,11161,11567,12252.0
object,B,15,9,11161,11591,12292.0
object,B,15,10,11161,11619,12332.0
object,B,15,11,11161,11659,12372.0
object,B,15,12,11161,11695,12412.0
object,B,15,13,11161,11723,12452.0
object,B,15,14,11161,11746,12492.0
object,B,15,15,11161,11775,12532.0
object,B,15,16,11161,11814,12572.0
object,B,15,17,11161,11850,12612.0
object,B,15,18,11161,11878,12652.0
object,B,15,19,11161,11918,12692.0
object,B,15,20,11161,11930,12732.0
object,B,15,21,11161,11982,12772.0
object,B,15,22,11161,12006,12812.0
object,B,15,23,11161,12034,12852.0
object,B,15,24,11161,12073,12892.0
object,B,16,0,44643,12189,12932.0
object,B,16,1,11161,12213,12972.0
object,B,16,2,11161,12241,13012.0
object,B,16,3,11161,12280,13052.0
object,B,16,4,11161,12316,13092.0
object,B,16,5,11161,12344,13132.0
object,B,16,6,11161,12384,13172.0
object,B,16,7,11161,12396,13212.0
object,B,16,8,11161,12436,13252.0
object,B,16,9,11161,12472,13292.0
object,B,16,10,11161,12500,13332.0
object,B,16,11,11161,12539,13372.0
object,B,16,12,11161,12551,13412.0
object,B,16,13,11161,12603,13452.0
object,B,16,14,11161,12627,13492.0
object,B,16,15,11161,12655,13532.0
object,B,16,16,11161,12695,13572.0
object,B,16,17,11161,12707,13612.0
object,B,16,18,11161,12759,13652.0
object,B,16,19,11161,12782,13692.0
object,B,16,20,11161,12810,13732.0
object,B,16,21,11161,12850,13772.0
object,B,16,22,11161,12886,13812.0
object,B,16,23,11161,12914,13852.0
object,B,16,24,11161,12938,13892.0
object,B,17,0,44643,13069,13932.0
object,B,17,1,11161,13093,13972.0
object,B,17,2,11161,13121,14012.0
object,B,17,3,11161,13161,14052.0
object,B,17,4,11161,13197,14092.0
object,B,17,5,11161,13225,14132.0
object,B,17,6,11161,13249,14172.0
object,B,17,7,11161,13277,14212.0
object,B,17,8,11161,13316,14252.0
object,B,17,9,11161,13352,14292.0
object,B,17,10,11161,13380,14332.0
object,B,17,11,11161,13404,14372.0
object,B,17,12,11161,13432,14412.0
object,B,17,13,11161,13471,14452.0
