object,A,10,0,71429,0,500.0
object,A,10,1,17857,39,540.0
object,A,10,2,17857,81,580.0
object,A,10,3,17857,95,620.0
object,A,10,4,17857,133,660.0
object,A,10,5,17857,157,700.0
object,A,10,6,17857,198,740.0
object,A,10,7,17857,237,780.0
object,A,10,8,17857,253,820.0
object,A,10,9,17857,278,860.0
object,A,10,10,17857,477,900.0
object,A,10,11,17857,500,940.0
object,A,10,12,17857,534,980.0
object,A,10,13,17857,558,1020.0
object,A,10,14,17857,596,1060.0
object,A,10,15,17857,621,1100.0
object,A,10,16,17857,653,1140.0
object,A,10,17,17857,675,1180.0
object,A,10,18,17857,715,1220.0
object,A,10,19,17857,733,1260.0
object,A,10,20,17857,773,1300.0
object,A,10,21,17857,796,1340.0
object,A,10,22,17857,814,1380.0
object,A,10,23,17857,843,1420.0
object,A,10,24,17857,877,1460.0
object,A,11,0,71429,1053,1500.0
object,A,11,1,17857,1075,1540.0
object,A,11,2,17857,1097,1580.0
object,A,11,3,17857,1122,1620.0
object,A,11,4,17857,1152,1660.0
object,A,11,5,17857,1173,1700.0
object,A,11,6,17857,1193,1740.0
object,A,11,7,17857,1201,1780.0
object,A,11,8,17857,1231,1820.0
object,A,11,9,17857,1254,1860.0
object,A,11,10,17857,1294,1900.0
object,A,11,11,17857,1344,1940.0
object,A,11,12,17857,1374,1980.0
object,A,11,13,17857,1426,2020.0
object,A,11,14,17857,1454,2060.0
object,A,11,15,17857,1493,2100.0
object,A,11,16,17857,1536,2140.0
object,A,11,17,17857,1584,2180.0
object,A,11,18,17857,1614,2220.0
object,A,11,19,17857,1654,2260.0
object,A,11,20,17857,1702,2300.0
object,A,11,21,17857,1734,2340.0
object,A,11,22,17857,1783,2380.0
object,A,11,23,17857,1814,2420.0
object,A,11,24,17857,1854,2460.0
object,A,12,0,71429,1933,2500.0
object,A,12,1,17857,1941,2540.0
object,A,12,2,17857,1981,2580.0
object,A,12,3,17857,2014,2620.0
object,A,12,4,17857,2054,2660.0
object,A,12,5,17857,2101,2700.0
object,A,12,6,17857,2134,2740.0
object,A,12,7,17857,2180,2780.0
object,A,12,8,17857,2214,2820.0
object,A,12,9,17857,2254,2860.0
object,A,12,10,17857,2300,2900.0
object,A,12,11,17857,2334,2940.0
object,A,12,12,17857,2378,2980.0
object,A,12,13,17857,2413,3020.0
object,A,12,14,17857,2453,3060.0
object,A,12,15,17857,2499,3100.0
object,A,12,16,17857,2534,3140.0
object,A,12,17,17857,2579,3180.0
object,A,12,18,17857,2614,3220.0
object,A,12,19,17857,2654,3260.0
object,A,12,20,17857,2699,3300.0
object,A,12,21,17857,2734,3340.0
object,A,12,22,17857,2779,3380.0
object,A,12,23,17857,2814,3420.0
object,A,12,24,17857,2864,3460.0
object,A,13,0,71429,2920,3500.0
object,A,13,1,17857,2938,3540.0
object,A,13,2,17857,2974,3580.0
object,A,13,3,17857,3014,3620.0
object,A,13,4,17857,3058,3660.0
object,A,13,5,17857,3094,3700.0
object,A,13,6,17857,3139,3740.0
object,A,13,7,17857,3173,3780.0
object,A,13,8,17857,3214,3820.0
object,A,13,9,17857,3258,3860.0
object,A,13,10,17857,3294,3900.0
object,A,13,11,17857,3338,3940.0
object,A,13,12,17857,3374,3980.0
object,A,13,13,17857,3414,4020.0
object,A,13,14,17857,3458,4060.0
object,A,13,15,17857,3493,4100.0
object,A,13,16,17857,3538,4140.0
switch_decision,3566
object,A,13,17,17857,3574,4180.0
object,A,13,18,17857,3614,4220.0
object,A,13,19,17857,3659,4260.0
object,A,13,20,17857,3693,4300.0
object,A,13,21,17857,3738,4340.0
object,A,13,22,17857,3773,4380.0
object,A,13,23,17857,3814,4420.0
object,A,13,24,17857,3856,4460.0
object,A,14,0,71429,3914,4500.0
object,A,14,1,17857,3934,4540.0
object,A,14,2,17857,3977,4580.0
object,A,14,3,17857,4014,4620.0
object,A,14,4,17857,4057,4660.0
subscribe_ok_b,4067
object,A,14,5,17857,4093,4700.0
object,A,14,6,17857,4134,4740.0
object,A,14,7,17857,4178,4780.0
object,A,14,8,17857,4214,4820.0
object,A,14,9,17857,4258,4860.0
object,A,14,10,17857,4294,4900.0
object,A,14,11,17857,4334,4940.0
object,A,14,12,17857,4377,4980.0
object,A,14,13,17857,4414,5020.0
object,A,14,14,17857,4456,5060.0
object,A,14,15,17857,4493,5100.0
object,A,14,16,17857,4534,5140.0
object,A,14,17,17857,4577,5180.0
object,A,14,18,17857,4614,5220.0
object,A,14,19,17857,4656,5260.0
object,A,14,20,17857,4694,5300.0
object,A,14,21,17857,4734,5340.0
object,A,14,22,17857,4777,5380.0
object,A,14,23,17857,4814,5420.0
object,A,14,24,17857,4854,5460.0
object,B,15,0,44643,4906,5406.0
fresh_b_iframe,15,4906
object,B,15,1,11161,4934,5446.0
object,B,15,2,11161,4973,5486.0
object,B,15,3,11161,5013,5526.0
object,B,15,4,11161,5053,5566.0
object,B,15,5,11161,5094,5606.0
object,B,15,6,11161,5134,5646.0
object,B,15,7,11161,5173,5686.0
object,B,15,8,11161,5214,5726.0
object,B,15,9,11161,5254,5766.0
object,B,15,10,11161,5294,5806.0
object,B,15,11,11161,5334,5846.0
object,B,15,12,11161,5374,5886.0
object,B,15,13,11161,5414,5926.0
object,B,15,14,11161,5454,5966.0
object,B,15,15,11161,5493,6006.0
object,B,15,16,11161,5533,6046.0
object,B,15,17,11161,5574,6086.0
object,B,15,18,11161,5614,6126.0
object,B,15,19,11161,5654,6166.0
object,B,15,20,11161,5694,6206.0
object,B,15,21,11161,5734,6246.0
object,B,15,22,11161,5773,6286.0
object,B,15,23,11161,5814,6326.0
object,B,15,24,11161,5854,6366.0
object,B,16,0,44643,5902,6406.0
object,B,16,1,11161,5933,6446.0
object,B,16,2,11161,5973,6486.0
object,B,16,3,11161,6014,6526.0
object,B,16,4,11161,6054,6566.0
object,B,16,5,11161,6093,6606.0
object,B,16,6,11161,6134,6646.0
object,B,16,7,11161,6173,6686.0
object,B,16,8,11161,6214,6726.0
object,B,16,9,11161,6253,6766.0
object,B,16,10,11161,6293,6806.0
object,B,16,11,11161,6334,6846.0
object,B,16,12,11161,6373,6886.0
object,B,16,13,11161,6414,6926.0
object,B,16,14,11161,6453,6966.0
object,B,16,15,11161,6494,7006.0
object,B,16,16,11161,6533,7046.0
object,B,16,17,11161,6573,7086.0
object,B,16,18,11161,6614,7126.0
object,B,16,19,11161,6654,7166.0
object,B,16,20,11161,6694,7206.0
object,B,16,21,11161,6734,7246.0
object,B,16,22,11161,6773,7286.0
object,B,16,23,11161,6813,7326.0
object,B,16,24,11161,6854,7366.0
object,B,17,0,44643,6903,7406.0
object,B,17,1,11161,6934,7446.0
object,B,17,2,11161,6972,7486.0
object,B,17,3,11161,7014,7526.0
object,B,17,4,11161,7054,7566.0
object,B,17,5,11161,7094,7606.0
object,B,17,6,11161,7133,7646.0
object,B,17,7,11161,7173,7686.0
object,B,17,8,11161,7214,7726.0
object,B,17,9,11161,7253,7766.0
object,B,17,10,11161,7294,7806.0
object,B,17,11,11161,7333,7846.0
object,B,17,12,11161,7373,7886.0
object,B,17,13,11161,7413,7926.0
object,B,17,14,11161,7454,7966.0
object,B,17,15,11161,7493,8006.0
object,B,17,16,11161,7534,8046.0
object,B,17,17,11161,7573,8086.0
object,B,17,18,11161,7614,8126.0
object,B,17,19,11161,7654,8166.0
object,B,17,20,11161,7694,8206.0
object,B,17,21,11161,7734,8246.0
object,B,17,22,11161,7774,8286.0
object,B,17,23,11161,7814,8326.0
object,B,17,24,11161,7854,8366.0
object,B,18,0,44643,7904,8406.0
object,B,18,1,11161,7934,8446.0
object,B,18,2,11161,7973,8486.0
object,B,18,3,11161,8014,8526.0
object,B,18,4,11161,8054,8566.0
object,B,18,5,11161,8093,8606.0
object,B,18,6,11161,8133,8646.0
object,B,18,7,11161,8174,8686.0
object,B,18,8,11161,8214,8726.0
object,B,18,9,11161,8253,8766.0
object,B,18,10,11161,8294,8806.0
object,B,18,11,11161,8334,8846.0
object,B,18,12,11161,8374,8886.0
object,B,18,13,11161,8413,8926.0
object,B,18,14,11161,8454,8966.0
object,B,18,15,11161,8494,9006.0
object,B,18,16,11161,8534,9046.0
object,B,18,17,11161,8574,9086.0
object,B,18,18,11161,8613,9126.0
object,B,18,19,11161,8653,9166.0
object,B,18,20,11161,8694,9206.0
object,B,18,21,11161,8733,9246.0
object,B,18,22,11161,8774,9286.0
object,B,18,23,11161,8814,9326.0
object,B,18,24,11161,8854,9366.0
object,B,19,0,44643,8901,9406.0
object,B,19,1,11161,8934,9446.0
object,B,19,2,11161,8973,9486.0
object,B,19,3,11161,9013,9526.0
object,B,19,4,11161,9054,9566.0
object,B,19,5,11161,9094,9606.0
object,B,19,6,11161,9133,9646.0
object,B,19,7,11161,9173,9686.0
object,B,19,8,11161,9213,9726.0
object,B,19,9,11161,9254,9766.0
object,B,19,10,11161,9294,9806.0
object,B,19,11,11161,9334,9846.0
object,B,19,12,11161,9373,9886.0
object,B,19,13,11161,9412,9926.0
object,B,19,14,11161,9453,9966.0
object,B,19,15,11161,9493,10006.0
object,B,19,16,11161,9533,10046.0
object,B,19,17,11161,9573,10086.0
object,B,19,18,11161,9613,10126.0
object,B,19,19,11161,9654,10166.0
object,B,19,20,11161,9694,10206.0
object,B,19,21,11161,9733,10246.0
object,B,19,22,11161,9773,10286.0
object,B,19,23,11161,9814,10326.0
object,B,19,24,11161,9854,10366.0
object,B,20,0,44643,9901,10406.0
object,B,20,1,11161,9936,10446.0
object,B,20,2,11161,9974,10486.0
object,B,20,3,11161,10016,10526.0
object,B,20,4,11161,10055,10566.0
object,B,20,5,11161,10095,10606.0
object,B,20,6,11161,10134,10646.0
object,B,20,7,11161,10174,10686.0
object,B,20,8,11161,10213,10726.0
object,B,20,9,11161,10253,10766.0
object,B,20,10,11161,10294,10806.0
object,B,20,11,11161,10334,10846.0
object,B,20,12,11161,10374,10886.0
object,B,20,13,11161,10414,10926.0
object,B,20,14,11161,10453,10966.0
object,B,20,15,11161,10494,11006.0
object,B,20,16,11161,10534,11046.0
object,B,20,17,11161,10573,11086.0
object,B,20,18,11161,10614,11126.0
object,B,20,19,11161,10654,11166.0
object,B,20,20,11161,10694,11206.0
object,B,20,21,11161,10732,11246.0
object,B,20,22,11161,10774,11286.0
object,B,20,23,11161,10814,11326.0
object,B,20,24,11161,10854,11366.0
object,B,21,0,44643,10900,11406.0
object,B,21,1,11161,10934,11446.0
object,B,21,2,11161,10973,11486.0
object,B,21,3,11161,11014,11526.0
object,B,21,4,11161,11053,11566.0
object,B,21,5,11161,11094,11606.0
object,B,21,6,11161,11133,11646.0
object,B,21,7,11161,11174,11686.0
object,B,21,8,11161,11213,11726.0
object,B,21,9,11161,11253,11766.0
object,B,21,10,11161,11294,11806.0
object,B,21,11,11161,11334,11846.0
object,B,21,12,11161,11373,11886.0
object,B,21,13,11161,11413,11926.0
object,B,21,14,11161,11454,11966.0
object,B,21,15,11161,11494,12006.0
object,B,21,16,11161,11533,12046.0
object,B,21,17,11161,11573,12086.0
object,B,21,18,11161,11614,12126.0
object,B,21,19,11161,11654,12166.0
object,B,21,20,11161,11693,12206.0
object,B,21,21,11161,11734,12246.0
object,B,21,22,11161,11774,12286.0
object,B,21,23,11161,11813,12326.0
object,B,21,24,11161,11854,12366.0
object,B,22,0,44643,11901,12406.0
object,B,22,1,11161,11934,12446.0
object,B,22,2,11161,11973,12486.0
object,B,22,3,11161,12014,12526.0
object,B,22,4,11161,12053,12566.0
object,B,22,5,11161,12093,12606.0
object,B,22,6,11161,12134,12646.0
object,B,22,7,11161,12173,12686.0
object,B,22,8,11161,12213,12726.0
object,B,22,9,11161,12253,12766.0
object,B,22,10,11161,12294,12806.0
object,B,22,11,11161,12333,12846.0
object,B,22,12,11161,12373,12886.0
object,B,22,13,11161,12413,12926.0
object,B,22,14,11161,12453,12966.0
object,B,22,15,11161,12493,13006.0
object,B,22,16,11161,12534,13046.0
object,B,22,17,11161,12573,13086.0
object,B,22,18,11161,12613,13126.0
object,B,22,19,11161,12654,13166.0
object,B,22,20,11161,12694,13206.0
object,B,22,21,11161,12733,13246.0
object,B,22,22,11161,12774,13286.0
object,B,22,23,11161,12813,13326.0
object,B,22,24,11161,12854,13366.0
object,B,23,0,44643,12901,13406.0
object,B,23,1,11161,12934,13446.0
object,B,23,2,11161,12973,13486.0
object,B,23,3,11161,13014,13526.0
object,B,23,4,11161,13053,13566.0
object,B,23,5,11161,13094,13606.0
object,B,23,6,11161,13133,13646.0
object,B,23,7,11161,13174,13686.0
object,B,23,8,11161,13214,13726.0
object,B,23,9,11161,13254,13766.0
object,B,23,10,11161,13294,13806.0
object,B,23,11,11161,13334,13846.0
object,B,23,12,11161,13373,13886.0
object,B,23,13,11161,13413,13926.0
object,B,23,14,11161,13454,13966.0
object,B,23,15,11161,13493,14006.0
object,B,23,16,11161,13534,14046.0
