object,A,8,0,71429,0,500.0
object,A,8,1,17857,16,540.0
object,A,8,2,17857,35,580.0
object,A,8,3,17857,55,620.0
object,A,8,4,17857,94,660.0
object,A,8,5,17857,135,700.0
object,A,8,6,17857,175,740.0
object,A,8,7,17857,214,780.0
object,A,8,8,17857,254,820.0
object,A,8,9,17857,295,860.0
object,A,8,10,17857,335,900.0
object,A,8,11,17857,375,940.0
object,A,8,12,17857,415,980.0
object,A,8,13,17857,455,1020.0
object,A,8,14,17857,494,1060.0
object,A,8,15,17857,534,1100.0
object,A,8,16,17857,575,1140.0
object,A,8,17,17857,615,1180.0
object,A,8,18,17857,655,1220.0
object,A,8,19,17857,694,1260.0
object,A,8,20,17857,734,1300.0
object,A,8,21,17857,775,1340.0
object,A,8,22,17857,815,1380.0
object,A,8,23,17857,855,1420.0
object,A,8,24,17857,894,1460.0
object,A,9,0,71429,1000,1500.0
object,A,9,1,17857,1016,1540.0
object,A,9,2,17857,1035,1580.0
object,A,9,3,17857,1055,1620.0
object,A,9,4,17857,1095,1660.0
object,A,9,5,17857,1135,1700.0
object,A,9,6,17857,1175,1740.0
object,A,9,7,17857,1215,1780.0
object,A,9,8,17857,1255,1820.0
object,A,9,9,17857,1295,1860.0
object,A,9,10,17857,1334,1900.0
object,A,9,11,17857,1375,1940.0
object,A,9,12,17857,1415,1980.0
object,A,9,13,17857,1455,2020.0
object,A,9,14,17857,1494,2060.0
object,A,9,15,17857,1535,2100.0
object,A,9,16,17857,1575,2140.0
object,A,9,17,17857,1614,2180.0
object,A,9,18,17857,1655,2220.0
object,A,9,19,17857,1695,2260.0
object,A,9,20,17857,1734,2300.0
object,A,9,21,17857,1775,2340.0
object,A,9,22,17857,1814,2380.0
object,A,9,23,17857,1855,2420.0
object,A,9,24,17857,1895,2460.0
object,A,10,0,71429,2004,2500.0
object,A,10,1,17857,2020,2540.0
object,A,10,2,17857,2040,2580.0
object,A,10,3,17857,2059,2620.0
object,A,10,4,17857,2097,2660.0
object,A,10,5,17857,2136,2700.0
object,A,10,6,17857,2174,2740.0
object,A,10,7,17857,2215,2780.0
object,A,10,8,17857,2254,2820.0
object,A,10,9,17857,2295,2860.0
object,A,10,10,17857,2335,2900.0
object,A,10,11,17857,2375,2940.0
object,A,10,12,17857,2415,2980.0
object,A,10,13,17857,2456,3020.0
object,A,10,14,17857,2495,3060.0
object,A,10,15,17857,2535,3100.0
object,A,10,16,17857,2575,3140.0
object,A,10,17,17857,2615,3180.0
object,A,10,18,17857,2655,3220.0
object,A,10,19,17857,2695,3260.0
object,A,10,20,17857,2735,3300.0
object,A,10,21,17857,2775,3340.0
object,A,10,22,17857,2815,3380.0
object,A,10,23,17857,2855,3420.0
object,A,10,24,17857,2895,3460.0
object,A,11,0,71429,3000,3500.0
object,A,11,1,17857,3016,3540.0
object,A,11,2,17857,3035,3580.0
object,A,11,3,17857,3055,3620.0
object,A,11,4,17857,3095,3660.0
object,A,11,5,17857,3134,3700.0
object,A,11,6,17857,3175,3740.0
object,A,11,7,17857,3215,3780.0
object,A,11,8,17857,3254,3820.0
object,A,11,9,17857,3295,3860.0
object,A,11,10,17857,3334,3900.0
object,A,11,11,17857,3374,3940.0
object,A,11,12,17857,3415,3980.0
object,A,11,13,17857,3454,4020.0
object,A,11,14,17857,3495,4060.0
object,A,11,15,17857,3535,4100.0
object,A,11,16,17857,3575,4140.0
switch_decision,3600
object,A,11,17,17857,3615,4180.0
subscribe_ok_b,3619
object,A,11,18,17857,3655,4220.0
object,A,11,19,17857,3694,4260.0
object,A,11,20,17857,3735,4300.0
object,A,11,21,17857,3775,4340.0
object,A,11,22,17857,3815,4380.0
object,A,11,23,17857,3855,4420.0
object,A,11,24,17857,3895,4460.0
object,B,12,0,44643,3967,4467.0
fresh_b_iframe,12,3967
object,B,12,1,11161,3970,4507.0
object,B,12,2,11161,4000,4547.0
object,B,12,3,11161,4041,4587.0
object,B,12,4,11161,4081,4627.0
object,B,12,5,11161,4120,4667.0
object,B,12,6,11161,4161,4707.0
object,B,12,7,11161,4201,4747.0
object,B,12,8,11161,4241,4787.0
object,B,12,9,11161,4281,4827.0
object,B,12,10,11161,4321,4867.0
object,B,12,11,11161,4361,4907.0
object,B,12,12,11161,4401,4947.0
object,B,12,13,11161,4440,4987.0
object,B,12,14,11161,4480,5027.0
object,B,12,15,11161,4520,5067.0
object,B,12,16,11161,4561,5107.0
object,B,12,17,11161,4601,5147.0
object,B,12,18,11161,4641,5187.0
object,B,12,19,11161,4681,5227.0
object,B,12,20,11161,4721,5267.0
object,B,12,21,11161,4762,5307.0
object,B,12,22,11161,4800,5347.0
object,B,12,23,11161,4841,5387.0
object,B,12,24,11161,4882,5427.0
object,B,13,0,44643,4968,5467.0
object,B,13,1,11161,4971,5507.0
object,B,13,2,11161,5001,5547.0
object,B,13,3,11161,5041,5587.0
object,B,13,4,11161,5081,5627.0
object,B,13,5,11161,5120,5667.0
object,B,13,6,11161,5160,5707.0
object,B,13,7,11161,5200,5747.0
object,B,13,8,11161,5241,5787.0
object,B,13,9,11161,5281,5827.0
object,B,13,10,11161,5321,5867.0
object,B,13,11,11161,5361,5907.0
object,B,13,12,11161,5401,5947.0
object,B,13,13,11161,5441,5987.0
object,B,13,14,11161,5481,6027.0
object,B,13,15,11161,5521,6067.0
object,B,13,16,11161,5561,6107.0
object,B,13,17,11161,5602,6147.0
object,B,13,18,11161,5641,6187.0
object,B,13,19,11161,5681,6227.0
object,B,13,20,11161,5721,6267.0
object,B,13,21,11161,5761,6307.0
object,B,13,22,11161,5801,6347.0
object,B,13,23,11161,5841,6387.0
object,B,13,24,11161,5881,6427.0
object,B,14,0,44643,5967,6467.0
object,B,14,1,11161,5969,6507.0
object,B,14,2,11161,6001,6547.0
object,B,14,3,11161,6041,6587.0
object,B,14,4,11161,6081,6627.0
object,B,14,5,11161,6121,6667.0
object,B,14,6,11161,6161,6707.0
object,B,14,7,11161,6201,6747.0
object,B,14,8,11161,6241,6787.0
object,B,14,9,11161,6281,6827.0
object,B,14,10,11161,6321,6867.0
object,B,14,11,11161,6361,6907.0
object,B,14,12,11161,6401,6947.0
object,B,14,13,11161,6441,6987.0
object,B,14,14,11161,6481,7027.0
object,B,14,15,11161,6521,7067.0
object,B,14,16,11161,6562,7107.0
object,B,14,17,11161,6601,7147.0
object,B,14,18,11161,6641,7187.0
object,B,14,19,11161,6682,7227.0
object,B,14,20,11161,6721,7267.0
object,B,14,21,11161,6761,7307.0
object,B,14,22,11161,6801,7347.0
object,B,14,23,11161,6841,7387.0
object,B,14,24,11161,6880,7427.0
object,B,15,0,44643,6967,7467.0
object,B,15,1,11161,6970,7507.0
object,B,15,2,11161,7001,7547.0
object,B,15,3,11161,7041,7587.0
object,B,15,4,11161,7081,7627.0
object,B,15,5,11161,7121,7667.0
object,B,15,6,11161,7161,7707.0
object,B,15,7,11161,7201,7747.0
object,B,15,8,11161,7241,7787.0
object,B,15,9,11161,7281,7827.0
object,B,15,10,11161,7320,7867.0
object,B,15,11,11161,7361,7907.0
object,B,15,12,11161,7401,7947.0
object,B,15,13,11161,7441,7987.0
object,B,15,14,11161,7481,8027.0
object,B,15,15,11161,7521,8067.0
object,B,15,16,11161,7561,8107.0
object,B,15,17,11161,7600,8147.0
object,B,15,18,11161,7641,8187.0
object,B,15,19,11161,7681,8227.0
object,B,15,20,11161,7721,8267.0
object,B,15,21,11161,7761,8307.0
object,B,15,22,11161,7801,8347.0
object,B,15,23,11161,7841,8387.0
object,B,15,24,11161,7881,8427.0
object,B,16,0,44643,7967,8467.0
object,B,16,1,11161,7970,8507.0
object,B,16,2,11161,8001,8547.0
object,B,16,3,11161,8041,8587.0
object,B,16,4,11161,8080,8627.0
object,B,16,5,11161,8121,8667.0
object,B,16,6,11161,8161,8707.0
object,B,16,7,11161,8201,8747.0
object,B,16,8,11161,8240,8787.0
object,B,16,9,11161,8280,8827.0
object,B,16,10,11161,8321,8867.0
object,B,16,11,11161,8361,8907.0
object,B,16,12,11161,8401,8947.0
object,B,16,13,11161,8441,8987.0
object,B,16,14,11161,8481,9027.0
object,B,16,15,11161,8521,9067.0
object,B,16,16,11161,8560,9107.0
object,B,16,17,11161,8601,9147.0
object,B,16,18,11161,8641,9187.0
object,B,16,19,11161,8680,9227.0
object,B,16,20,11161,8721,9267.0
object,B,16,21,11161,8760,9307.0
object,B,16,22,11161,8801,9347.0
object,B,16,23,11161,8841,9387.0
object,B,16,24,11161,8881,9427.0
object,B,17,0,44643,8969,9467.0
object,B,17,1,11161,8971,9507.0
object,B,17,2,11161,9000,9547.0
object,B,17,3,11161,9041,9587.0
object,B,17,4,11161,9080,9627.0
object,B,17,5,11161,9121,9667.0
object,B,17,6,11161,9161,9707.0
object,B,17,7,11161,9200,9747.0
object,B,17,8,11161,9241,9787.0
object,B,17,9,11161,9281,9827.0
object,B,17,10,11161,9321,9867.0
object,B,17,11,11161,9361,9907.0
object,B,17,12,11161,9401,9947.0
object,B,17,13,11161,9440,9987.0
object,B,17,14,11161,9480,10027.0
object,B,17,15,11161,9521,10067.0
object,B,17,16,11161,9560,10107.0
object,B,17,17,11161,9601,10147.0
object,B,17,18,11161,9641,10187.0
object,B,17,19,11161,9680,10227.0
object,B,17,20,11161,9721,10267.0
object,B,17,21,11161,9760,10307.0
object,B,17,22,11161,9801,10347.0
object,B,17,23,11161,9841,10387.0
object,B,17,24,11161,9881,10427.0
object,B,18,0,44643,9968,10467.0
object,B,18,1,11161,9970,10507.0
object,B,18,2,11161,10001,10547.0
object,B,18,3,11161,10041,10587.0
object,B,18,4,11161,10080,10627.0
object,B,18,5,11161,10120,10667.0
object,B,18,6,11161,10160,10707.0
object,B,18,7,11161,10202,10747.0
object,B,18,8,11161,10241,10787.0
object,B,18,9,11161,10281,10827.0
object,B,18,10,11161,10321,10867.0
object,B,18,11,11161,10361,10907.0
object,B,18,12,11161,10401,10947.0
object,B,18,13,11161,10441,10987.0
object,B,18,14,11161,10481,11027.0
object,B,18,15,11161,10521,11067.0
object,B,18,16,11161,10561,11107.0
object,B,18,17,11161,10602,11147.0
object,B,18,18,11161,10641,11187.0
object,B,18,19,11161,10680,11227.0
object,B,18,20,11161,10720,11267.0
object,B,18,21,11161,10761,11307.0
object,B,18,22,11161,10801,11347.0
object,B,18,23,11161,10842,11387.0
object,B,18,24,11161,10881,11427.0
object,B,19,0,44643,10968,11467.0
object,B,19,1,11161,10970,11507.0
object,B,19,2,11161,11001,11547.0
object,B,19,3,11161,11041,11587.0
object,B,19,4,11161,11081,11627.0
object,B,19,5,11161,11121,11667.0
object,B,19,6,11161,11160,11707.0
object,B,19,7,11161,11201,11747.0
object,B,19,8,11161,11241,11787.0
object,B,19,9,11161,11281,11827.0
object,B,19,10,11161,11321,11867.0
object,B,19,11,11161,11361,11907.0
object,B,19,12,11161,11401,11947.0
object,B,19,13,11161,11441,11987.0
object,B,19,14,11161,11480,12027.0
object,B,19,15,11161,11521,12067.0
object,B,19,16,11161,11561,12107.0
object,B,19,17,11161,11600,12147.0
object,B,19,18,11161,11640,12187.0
object,B,19,19,11161,11681,12227.0
object,B,19,20,11161,11721,12267.0
object,B,19,21,11161,11761,12307.0
object,B,19,22,11161,11801,12347.0
object,B,19,23,11161,11841,12387.0
object,B,19,24,11161,11881,12427.0
object,B,20,0,44643,11967,12467.0
object,B,20,1,11161,11970,12507.0
object,B,20,2,11161,12002,12547.0
object,B,20,3,11161,12043,12587.0
object,B,20,4,11161,12083,12627.0
object,B,20,5,11161,12121,12667.0
object,B,20,6,11161,12161,12707.0
object,B,20,7,11161,12201,12747.0
object,B,20,8,11161,12241,12787.0
object,B,20,9,11161,12281,12827.0
object,B,20,10,11161,12321,12867.0
object,B,20,11,11161,12361,12907.0
object,B,20,12,11161,12401,12947.0
object,B,20,13,11161,12441,12987.0
object,B,20,14,11161,12481,13027.0
object,B,20,15,11161,12521,13067.0
object,B,20,16,11161,12560,13107.0
object,B,20,17,11161,12601,13147.0
object,B,20,18,11161,12641,13187.0
object,B,20,19,11161,12681,13227.0
object,B,20,20,11161,12721,13267.0
object,B,20,21,11161,12760,13307.0
object,B,20,22,11161,12801,13347.0
object,B,20,23,11161,12841,13387.0
object,B,20,24,11161,12881,13427.0
object,B,21,0,44643,12967,13467.0
object,B,21,1,11161,12970,13507.0
object,B,21,2,11161,13000,13547.0
object,B,21,3,11161,13041,13587.0
object,B,21,4,11161,13080,13627.0
object,B,21,5,11161,13121,13667.0
object,B,21,6,11161,13161,13707.0
object,B,21,7,11161,13201,13747.0
object,B,21,8,11161,13241,13787.0
object,B,21,9,11161,13281,13827.0
object,B,21,10,11161,13320,13867.0
object,B,21,11,11161,13361,13907.0
object,B,21,12,11161,13402,13947.0
object,B,21,13,11161,13441,13987.0
object,B,21,14,11161,13480,14027.0
object,B,21,15,11161,13521,14067.0
object,B,21,16,11161,13561,14107.0
object,B,21,17,11161,13601,14147.0
