subscribe_b,-970
subscribe_ok_b,-969
object,A,5,0,44643,0,500.0
object,A,5,1,11161,35,540.0
object,A,5,2,11161,76,580.0
object,A,5,3,11161,115,620.0
object,A,5,4,11161,155,660.0
object,A,5,5,11161,195,700.0
object,A,5,6,11161,235,740.0
object,A,5,7,11161,275,780.0
object,A,5,8,11161,315,820.0
object,A,5,9,11161,355,860.0
object,A,5,10,11161,394,900.0
object,A,5,11,11161,434,940.0
object,A,5,12,11161,475,980.0
object,A,5,13,11161,515,1020.0
object,A,5,14,11161,555,1060.0
object,A,5,15,11161,596,1100.0
object,A,5,16,11161,635,1140.0
object,A,5,17,11161,675,1180.0
object,A,5,18,11161,716,1220.0
object,A,5,19,11161,755,1260.0
object,A,5,20,11161,796,1300.0
object,A,5,21,11161,835,1340.0
object,A,5,22,11161,875,1380.0
object,A,5,23,11161,916,1420.0
object,A,5,24,11161,956,1460.0
object,A,6,0,44643,999,1500.0
object,A,6,1,11161,1036,1540.0
object,A,6,2,11161,1076,1580.0
object,A,6,3,11161,1115,1620.0
object,A,6,4,11161,1155,1660.0
object,A,6,5,11161,1196,1700.0
object,A,6,6,11161,1235,1740.0
object,A,6,7,11161,1275,1780.0
object,A,6,8,11161,1315,1820.0
object,A,6,9,11161,1355,1860.0
object,A,6,10,11161,1395,1900.0
object,A,6,11,11161,1435,1940.0
object,A,6,12,11161,1475,1980.0
object,A,6,13,11161,1515,2020.0
object,A,6,14,11161,1555,2060.0
object,A,6,15,11161,1596,2100.0
object,A,6,16,11161,1635,2140.0
object,A,6,17,11161,1675,2180.0
object,A,6,18,11161,1715,2220.0
object,A,6,19,11161,1755,2260.0
object,A,6,20,11161,1798,2300.0
object,A,6,21,11161,1835,2340.0
object,A,6,22,11161,1875,2380.0
object,A,6,23,11161,1915,2420.0
object,A,6,24,11161,1956,2460.0
object,A,7,0,44643,1999,2500.0
object,A,7,1,11161,2034,2540.0
object,A,7,2,11161,2075,2580.0
object,A,7,3,11161,2114,2620.0
object,A,7,4,11161,2155,2660.0
object,A,7,5,11161,2195,2700.0
object,A,7,6,11161,2234,2740.0
object,A,7,7,11161,2275,2780.0
object,A,7,8,11161,2315,2820.0
object,A,7,9,11161,2355,2860.0
object,A,7,10,11161,2395,2900.0
object,A,7,11,11161,2436,2940.0
object,A,7,12,11161,2475,2980.0
object,A,7,13,11161,2515,3020.0
object,A,7,14,11161,2555,3060.0
object,A,7,15,11161,2595,3100.0
object,A,7,16,11161,2635,3140.0
object,A,7,17,11161,2675,3180.0
object,A,7,18,11161,2715,3220.0
object,A,7,19,11161,2755,3260.0
object,A,7,20,11161,2795,3300.0
object,A,7,21,11161,2836,3340.0
object,A,7,22,11161,2875,3380.0
object,A,7,23,11161,2915,3420.0
object,A,7,24,11161,2955,3460.0
object,A,8,0,44643,2998,3500.0
object,A,8,1,11161,3034,3540.0
object,A,8,2,11161,3076,3580.0
object,A,8,3,11161,3115,3620.0
object,A,8,4,11161,3155,3660.0
object,A,8,5,11161,3195,3700.0
object,A,8,6,11161,3235,3740.0
object,A,8,7,11161,3275,3780.0
object,A,8,8,11161,3315,3820.0
object,A,8,9,11161,3355,3860.0
object,A,8,10,11161,3396,3900.0
switch_decision,3431
enable_b,3431
object,A,8,11,11161,3435,3940.0
object,B,8,11,17857,3435
object,A,8,12,11161,3476,3980.0
object,B,8,12,17857,3476
object,A,8,13,11161,3515,4020.0
object,B,8,13,17857,3515
object,A,8,14,11161,3555,4060.0
object,B,8,14,17857,3555
object,A,8,15,11161,3596,4100.0
object,B,8,15,17857,3596
object,A,8,16,11161,3635,4140.0
object,B,8,16,17857,3636
object,A,8,17,11161,3676,4180.0
object,B,8,17,17857,3676
object,A,8,18,11161,3716,4220.0
object,B,8,18,17857,3716
object,A,8,19,11161,3755,4260.0
object,B,8,19,17857,3755
object,A,8,20,11161,3795,4300.0
object,B,8,20,17857,3796
object,A,8,21,11161,3836,4340.0
object,B,8,21,17857,3836
object,A,8,22,11161,3876,4380.0
object,B,8,22,17857,3876
object,A,8,23,11161,3915,4420.0
object,B,8,23,17857,3915
object,A,8,24,11161,3955,4460.0
object,B,8,24,17857,3956
object,A,9,0,44643,3999,4500.0
object,B,9,0,71429,4007,4507.0
fresh_b_iframe,9,4007
stop_a,4007
object,B,9,1,17857,4038,4547.0
object,B,9,2,17857,4077,4587.0
object,B,9,3,17857,4118,4627.0
object,B,9,4,17857,4157,4667.0
object,B,9,5,17857,4198,4707.0
object,B,9,6,17857,4236,4747.0
object,B,9,7,17857,4276,4787.0
object,B,9,8,17857,4316,4827.0
object,B,9,9,17857,4356,4867.0
object,B,9,10,17857,4396,4907.0
object,B,9,11,17857,4437,4947.0
object,B,9,12,17857,4476,4987.0
object,B,9,13,17857,4516,5027.0
object,B,9,14,17857,4556,5067.0
object,B,9,15,17857,4596,5107.0
object,B,9,16,17857,4636,5147.0
object,B,9,17,17857,4676,5187.0
object,B,9,18,17857,4716,5227.0
object,B,9,19,17857,4756,5267.0
object,B,9,20,17857,4796,5307.0
object,B,9,21,17857,4836,5347.0
object,B,9,22,17857,4876,5387.0
object,B,9,23,17857,4916,5427.0
object,B,9,24,17857,4956,5467.0
object,B,10,0,71429,5006,5507.0
object,B,10,1,17857,5036,5547.0
object,B,10,2,17857,5078,5587.0
object,B,10,3,17857,5117,5627.0
object,B,10,4,17857,5157,5667.0
object,B,10,5,17857,5197,5707.0
object,B,10,6,17857,5235,5747.0
object,B,10,7,17857,5275,5787.0
object,B,10,8,17857,5315,5827.0
object,B,10,9,17857,5355,5867.0
object,B,10,10,17857,5395,5907.0
object,B,10,11,17857,5435,5947.0
object,B,10,12,17857,5476,5987.0
object,B,10,13,17857,5515,6027.0
object,B,10,14,17857,5556,6067.0
object,B,10,15,17857,5596,6107.0
object,B,10,16,17857,5635,6147.0
object,B,10,17,17857,5676,6187.0
object,B,10,18,17857,5716,6227.0
object,B,10,19,17857,5756,6267.0
object,B,10,20,17857,5796,6307.0
object,B,10,21,17857,5836,6347.0
object,B,10,22,17857,5876,6387.0
object,B,10,23,17857,5915,6427.0
object,B,10,24,17857,5956,6467.0
object,B,11,0,71429,6002,6507.0
object,B,11,1,17857,6035,6547.0
object,B,11,2,17857,6076,6587.0
object,B,11,3,17857,6115,6627.0
object,B,11,4,17857,6156,6667.0
object,B,11,5,17857,6196,6707.0
object,B,11,6,17857,6235,6747.0
object,B,11,7,17857,6275,6787.0
object,B,11,8,17857,6316,6827.0
object,B,11,9,17857,6356,6867.0
object,B,11,10,17857,6396,6907.0
object,B,11,11,17857,6436,6947.0
object,B,11,12,17857,6476,6987.0
object,B,11,13,17857,6516,7027.0
object,B,11,14,17857,6555,7067.0
object,B,11,15,17857,6595,7107.0
object,B,11,16,17857,6635,7147.0
object,B,11,17,17857,6675,7187.0
object,B,11,18,17857,6716,7227.0
object,B,11,19,17857,6756,7267.0
object,B,11,20,17857,6796,7307.0
object,B,11,21,17857,6836,7347.0
object,B,11,22,17857,6875,7387.0
object,B,11,23,17857,6916,7427.0
object,B,11,24,17857,6955,7467.0
object,B,12,0,71429,7001,7507.0
object,B,12,1,17857,7035,7547.0
object,B,12,2,17857,7075,7587.0
object,B,12,3,17857,7115,7627.0
object,B,12,4,17857,7155,7667.0
object,B,12,5,17857,7196,7707.0
object,B,12,6,17857,7235,7747.0
object,B,12,7,17857,7275,7787.0
object,B,12,8,17857,7315,7827.0
object,B,12,9,17857,7355,7867.0
object,B,12,10,17857,7395,7907.0
object,B,12,11,17857,7435,7947.0
object,B,12,12,17857,7475,7987.0
object,B,12,13,17857,7515,8027.0
object,B,12,14,17857,7555,8067.0
object,B,12,15,17857,7596,8107.0
object,B,12,16,17857,7635,8147.0
object,B,12,17,17857,7675,8187.0
object,B,12,18,17857,7716,8227.0
object,B,12,19,17857,7755,8267.0
object,B,12,20,17857,7796,8307.0
object,B,12,21,17857,7835,8347.0
object,B,12,22,17857,7875,8387.0
object,B,12,23,17857,7915,8427.0
object,B,12,24,17857,7955,8467.0
object,B,13,0,71429,8000,8507.0
object,B,13,1,17857,8035,8547.0
object,B,13,2,17857,8075,8587.0
object,B,13,3,17857,8115,8627.0
object,B,13,4,17857,8155,8667.0
object,B,13,5,17857,8196,8707.0
object,B,13,6,17857,8235,8747.0
object,B,13,7,17857,8276,8787.0
object,B,13,8,17857,8316,8827.0
object,B,13,9,17857,8355,8867.0
object,B,13,10,17857,8395,8907.0
object,B,13,11,17857,8435,8947.0
object,B,13,12,17857,8476,8987.0
object,B,13,13,17857,8516,9027.0
object,B,13,14,17857,8555,9067.0
object,B,13,15,17857,8595,9107.0
object,B,13,16,17857,8635,9147.0
object,B,13,17,17857,8676,9187.0
object,B,13,18,17857,8716,9227.0
object,B,13,19,17857,8755,9267.0
object,B,13,20,17857,8796,9307.0
object,B,13,21,17857,8835,9347.0
object,B,13,22,17857,8875,9387.0
object,B,13,23,17857,8915,9427.0
object,B,13,24,17857,8956,9467.0
object,B,14,0,71429,9001,9507.0
