subscribe_b,-785
subscribe_ok_b,-784
object,A,8,0,44643,0,500.0
object,A,8,1,11161,3,540.0
object,A,8,2,11161,22,580.0
object,A,8,3,11161,48,620.0
object,A,8,4,11161,88,660.0
object,A,8,5,11161,127,700.0
object,A,8,6,11161,168,740.0
object,A,8,7,11161,207,780.0
object,A,8,8,11161,247,820.0
object,A,8,9,11161,288,860.0
object,A,8,10,11161,328,900.0
object,A,8,11,11161,368,940.0
object,A,8,12,11161,408,980.0
object,A,8,13,11161,448,1020.0
object,A,8,14,11161,488,1060.0
object,A,8,15,11161,528,1100.0
object,A,8,16,11161,568,1140.0
object,A,8,17,11161,607,1180.0
object,A,8,18,11161,648,1220.0
object,A,8,19,11161,688,1260.0
object,A,8,20,11161,728,1300.0
object,A,8,21,11161,767,1340.0
object,A,8,22,11161,807,1380.0
object,A,8,23,11161,848,1420.0
object,A,8,24,11161,888,1460.0
object,A,9,0,44643,1001,1500.0
object,A,9,1,11161,1004,1540.0
object,A,9,2,11161,1024,1580.0
object,A,9,3,11161,1047,1620.0
object,A,9,4,11161,1088,1660.0
object,A,9,5,11161,1128,1700.0
object,A,9,6,11161,1168,1740.0
object,A,9,7,11161,1208,1780.0
object,A,9,8,11161,1247,1820.0
object,A,9,9,11161,1288,1860.0
object,A,9,10,11161,1327,1900.0
object,A,9,11,11161,1368,1940.0
object,A,9,12,11161,1408,1980.0
object,A,9,13,11161,1448,2020.0
object,A,9,14,11161,1488,2060.0
object,A,9,15,11161,1527,2100.0
object,A,9,16,11161,1567,2140.0
object,A,9,17,11161,1608,2180.0
object,A,9,18,11161,1647,2220.0
object,A,9,19,11161,1688,2260.0
object,A,9,20,11161,1728,2300.0
object,A,9,21,11161,1768,2340.0
object,A,9,22,11161,1808,2380.0
object,A,9,23,11161,1848,2420.0
object,A,9,24,11161,1888,2460.0
object,A,10,0,44643,2001,2500.0
object,A,10,1,11161,2005,2540.0
object,A,10,2,11161,2024,2580.0
object,A,10,3,11161,2050,2620.0
object,A,10,4,11161,2089,2660.0
object,A,10,5,11161,2128,2700.0
object,A,10,6,11161,2167,2740.0
object,A,10,7,11161,2207,2780.0
object,A,10,8,11161,2248,2820.0
object,A,10,9,11161,2288,2860.0
object,A,10,10,11161,2328,2900.0
object,A,10,11,11161,2368,2940.0
object,A,10,12,11161,2408,2980.0
object,A,10,13,11161,2448,3020.0
object,A,10,14,11161,2488,3060.0
object,A,10,15,11161,2528,3100.0
object,A,10,16,11161,2568,3140.0
object,A,10,17,11161,2607,3180.0
object,A,10,18,11161,2647,3220.0
object,A,10,19,11161,2688,3260.0
object,A,10,20,11161,2728,3300.0
object,A,10,21,11161,2767,3340.0
object,A,10,22,11161,2808,3380.0
object,A,10,23,11161,2848,3420.0
object,A,10,24,11161,2888,3460.0
object,A,11,0,44643,3000,3500.0
object,A,11,1,11161,3003,3540.0
object,A,11,2,11161,3023,3580.0
object,A,11,3,11161,3048,3620.0
object,A,11,4,11161,3087,3660.0
object,A,11,5,11161,3127,3700.0
object,A,11,6,11161,3168,3740.0
object,A,11,7,11161,3207,3780.0
object,A,11,8,11161,3248,3820.0
object,A,11,9,11161,3288,3860.0
object,A,11,10,11161,3328,3900.0
object,A,11,11,11161,3368,3940.0
object,A,11,12,11161,3408,3980.0
object,A,11,13,11161,3448,4020.0
object,A,11,14,11161,3488,4060.0
object,A,11,15,11161,3527,4100.0
object,A,11,16,11161,3567,4140.0
object,A,11,17,11161,3608,4180.0
switch_decision,3616
enable_b,3616
object,A,11,18,11161,3648,4220.0
object,B,11,18,17857,3688
object,A,11,19,11161,3719,4260.0
object,B,11,19,17857,3743
object,A,11,20,11161,3744,4300.0
object,B,11,20,17857,3787
object,A,11,21,11161,3794,4340.0
object,B,11,21,17857,3837
object,A,11,22,11161,3843,4380.0
object,B,11,22,17857,3886
object,A,11,23,11161,3892,4420.0
object,B,11,23,17857,3940
object,A,11,24,11161,3947,4460.0
object,B,11,24,17857,3994
object,A,12,0,44643,4081,4500.0
object,B,12,0,71429,4217,4717.0
fresh_b_iframe,12,4217
stop_a,4217
object,A,12,1,11161,4219,4540.0
object,B,12,1,17857,4266,4757.0
object,A,12,2,11161,4300,4580.0
object,B,12,2,17857,4326,4797.0
object,A,12,3,11161,4328,4620.0
object,B,12,3,17857,4375,4837.0
object,A,12,4,11161,4382,4660.0
object,B,12,4,17857,4429,4877.0
object,A,12,5,11161,4437,4700.0
object,B,12,5,17857,4484,4917.0
object,A,12,6,11161,4518,4740.0
object,B,12,6,17857,4544,4957.0
object,A,12,7,11161,4704,4780.0
object,B,12,7,17857,4768,4997.0
object,B,12,8,17857,4848,5037.0
object,B,12,9,17857,4879,5077.0
object,B,12,10,17857,4908,5117.0
object,B,12,11,17857,4935,5157.0
object,B,12,12,17857,4973,5197.0
object,B,12,13,17857,5007,5237.0
object,B,12,14,17857,5040,5277.0
object,B,12,15,17857,5074,5317.0
object,B,12,16,17857,5099,5357.0
object,B,12,17,17857,5133,5397.0
object,B,12,18,17857,5165,5437.0
object,B,12,19,17857,5202,5477.0
object,B,12,20,17857,5229,5517.0
object,B,12,21,17857,5266,5557.0
object,B,12,22,17857,5303,5597.0
object,B,12,23,17857,5330,5637.0
object,B,12,24,17857,5367,5677.0
object,B,13,0,71429,5500,5717.0
object,B,13,1,17857,5526,5757.0
object,B,13,2,17857,5564,5797.0
object,B,13,3,17857,5601,5837.0
object,B,13,4,17857,5627,5877.0
object,B,13,5,17857,5664,5917.0
object,B,13,6,17857,5702,5957.0
object,B,13,7,17857,5728,5997.0
object,B,13,8,17857,5765,6037.0
object,B,13,9,17857,5797,6077.0
object,B,13,10,17857,5834,6117.0
object,B,13,11,17857,5861,6157.0
object,B,13,12,17857,5898,6197.0
object,B,13,13,17857,5935,6237.0
object,B,13,14,17857,5962,6277.0
object,B,13,15,17857,5999,6317.0
object,B,13,16,17857,6036,6357.0
object,B,13,17,17857,6063,6397.0
object,B,13,18,17857,6100,6437.0
object,B,13,19,17857,6137,6477.0
object,B,13,20,17857,6169,6517.0
object,B,13,21,17857,6195,6557.0
object,B,13,22,17857,6233,6597.0
object,B,13,23,17857,6270,6637.0
object,B,13,24,17857,6296,6677.0
object,B,14,0,71429,6435,6717.0
object,B,14,1,17857,6466,6757.0
object,B,14,2,17857,6504,6797.0
object,B,14,3,17857,6530,6837.0
object,B,14,4,17857,6567,6877.0
object,B,14,5,17857,6594,6917.0
object,B,14,6,17857,6631,6957.0
object,B,14,7,17857,6668,6997.0
object,B,14,8,17857,6695,7037.0
object,B,14,9,17857,6732,7077.0
object,B,14,10,17857,6769,7117.0
object,B,14,11,17857,6801,7157.0
object,B,14,12,17857,6828,7197.0
object,B,14,13,17857,6865,7237.0
object,B,14,14,17857,6902,7277.0
object,B,14,15,17857,6929,7317.0
object,B,14,16,17857,6966,7357.0
object,B,14,17,17857,7003,7397.0
object,B,14,18,17857,7040,7437.0
object,B,14,19,17857,7067,7477.0
object,B,14,20,17857,7104,7517.0
object,B,14,21,17857,7141,7557.0
object,B,14,22,17857,7173,7597.0
object,B,14,23,17857,7200,7637.0
object,B,14,24,17857,7237,7677.0
object,B,15,0,71429,7364,7717.0
object,B,15,1,17857,7401,7757.0
object,B,15,2,17857,7439,7797.0
object,B,15,3,17857,7470,7837.0
object,B,15,4,17857,7497,7877.0
object,B,15,5,17857,7534,7917.0
object,B,15,6,17857,7571,7957.0
object,B,15,7,17857,7598,7997.0
object,B,15,8,17857,7635,8037.0
object,B,15,9,17857,7672,8077.0
object,B,15,10,17857,7699,8117.0
object,B,15,11,17857,7736,8157.0
object,B,15,12,17857,7773,8197.0
object,B,15,13,17857,7805,8237.0
object,B,15,14,17857,7832,8277.0
object,B,15,15,17857,7869,8317.0
object,B,15,16,17857,7906,8357.0
object,B,15,17,17857,7933,8397.0
object,B,15,18,17857,7970,8437.0
object,B,15,19,17857,8007,8477.0
object,B,15,20,17857,8033,8517.0
object,B,15,21,17857,8071,8557.0
object,B,15,22,17857,8108,8597.0
object,B,15,23,17857,8140,8637.0
object,B,15,24,17857,8177,8677.0
object,B,16,0,71429,8304,8717.0
object,B,16,1,17857,8341,8757.0
object,B,16,2,17857,8368,8797.0
object,B,16,3,17857,8405,8837.0
object,B,16,4,17857,8437,8877.0
object,B,16,5,17857,8474,8917.0
object,B,16,6,17857,8501,8957.0
object,B,16,7,17857,8538,8997.0
object,B,16,8,17857,8575,9037.0
object,B,16,9,17857,8602,9077.0
object,B,16,10,17857,8639,9117.0
object,B,16,11,17857,8666,9157.0
object,B,16,12,17857,8703,9197.0
object,B,16,13,17857,8740,9237.0
object,B,16,14,17857,8769,9277.0
object,B,16,15,17857,8804,9317.0
object,B,16,16,17857,8838,9357.0
object,B,16,17,17857,8875,9397.0
object,B,16,18,17857,8905,9437.0
object,B,16,19,17857,8939,9477.0
object,B,16,20,17857,8974,9517.0
object,B,16,21,17857,9011,9557.0
object,B,16,22,17857,9040,9597.0
object,B,16,23,17857,9075,9637.0
object,B,16,24,17857,9109,9677.0
